Range Name,DID
Serbia SW1,381637773000
Serbia SW1,381637773001
Serbia SW1,381637773002
Serbia SW1,381637773003
Serbia SW1,381637773004
Serbia SW1,381637773005
Serbia SW1,381637773006
Serbia SW1,381637773007
Serbia SW1,381637773008
Serbia SW1,381637773009
Serbia SW1,381637773010
Serbia SW1,381637773011
Serbia SW1,381637773012
Serbia SW1,381637773013
Serbia SW1,381637773014
Serbia SW1,381637773015
Serbia SW1,381637773016
Serbia SW1,381637773017
Serbia SW1,381637773018
Serbia SW1,381637773019
Serbia SW1,381637773020
Serbia SW1,381637773021
Serbia SW1,381637773022
Serbia SW1,381637773023
Serbia SW1,381637773024
Serbia SW1,381637773025
Serbia SW1,381637773026
Serbia SW1,381637773027
Serbia SW1,381637773028
Serbia SW1,381637773029
Serbia SW1,381637773030
Serbia SW1,381637773031
Serbia SW1,381637773032
Serbia SW1,381637773033
Serbia SW1,381637773034
Serbia SW1,381637773035
Serbia SW1,381637773036
Serbia SW1,381637773037
Serbia SW1,381637773038
Serbia SW1,381637773039
Serbia SW1,381637773040
Serbia SW1,381637773041
Serbia SW1,381637773042
Serbia SW1,381637773043
Serbia SW1,381637773044
Serbia SW1,381637773045
Serbia SW1,381637773046
Serbia SW1,381637773047
Serbia SW1,381637773048
Serbia SW1,381637773049
Serbia SW1,381637773050
Serbia SW1,381637773051
Serbia SW1,381637773052
Serbia SW1,381637773053
Serbia SW1,381637773054
Serbia SW1,381637773055
Serbia SW1,381637773056
Serbia SW1,381637773057
Serbia SW1,381637773058
Serbia SW1,381637773059
Serbia SW1,381637773060
Serbia SW1,381637773061
Serbia SW1,381637773062
Serbia SW1,381637773063
Serbia SW1,381637773064
Serbia SW1,381637773065
Serbia SW1,381637773066
Serbia SW1,381637773067
Serbia SW1,381637773068
Serbia SW1,381637773069
Serbia SW1,381637773070
Serbia SW1,381637773071
Serbia SW1,381637773072
Serbia SW1,381637773073
Serbia SW1,381637773074
Serbia SW1,381637773075
Serbia SW1,381637773076
Serbia SW1,381637773077
Serbia SW1,381637773078
Serbia SW1,381637773079
Serbia SW1,381637773080
Serbia SW1,381637773081
Serbia SW1,381637773082
Serbia SW1,381637773083
Serbia SW1,381637773084
Serbia SW1,381637773085
Serbia SW1,381637773086
Serbia SW1,381637773087
Serbia SW1,381637773088
Serbia SW1,381637773089
Serbia SW1,381637773090
Serbia SW1,381637773091
Serbia SW1,381637773092
Serbia SW1,381637773093
Serbia SW1,381637773094
Serbia SW1,381637773095
Serbia SW1,381637773096
Serbia SW1,381637773097
Serbia SW1,381637773098
Serbia SW1,381637773099
Serbia SW2,381621135000
Serbia SW2,381621135001
Serbia SW2,381621135002
Serbia SW2,381621135003
Serbia SW2,381621135004
Serbia SW2,381621135005
Serbia SW2,381621135006
Serbia SW2,381621135007
Serbia SW2,381621135008
Serbia SW2,381621135009
Serbia SW2,381621135010
Serbia SW2,381621135011
Serbia SW2,381621135012
Serbia SW2,381621135013
Serbia SW2,381621135014
Serbia SW2,381621135015
Serbia SW2,381621135016
Serbia SW2,381621135017
Serbia SW2,381621135018
Serbia SW2,381621135019
Serbia SW2,381621135020
Serbia SW2,381621135021
Serbia SW2,381621135022
Serbia SW2,381621135023
Serbia SW2,381621135024
Serbia SW2,381621135025
Serbia SW2,381621135026
Serbia SW2,381621135027
Serbia SW2,381621135028
Serbia SW2,381621135029
Serbia SW2,381621135030
Serbia SW2,381621135031
Serbia SW2,381621135032
Serbia SW2,381621135033
Serbia SW2,381621135034
Serbia SW2,381621135035
Serbia SW2,381621135036
Serbia SW2,381621135037
Serbia SW2,381621135038
Serbia SW2,381621135039
Serbia SW2,381621135040
Serbia SW2,381621135041
Serbia SW2,381621135042
Serbia SW2,381621135043
Serbia SW2,381621135044
Serbia SW2,381621135045
Serbia SW2,381621135046
Serbia SW2,381621135047
Serbia SW2,381621135048
Serbia SW2,381621135049
Serbia SW2,381621135050
Serbia SW2,381621135051
Serbia SW2,381621135052
Serbia SW2,381621135053
Serbia SW2,381621135054
Serbia SW2,381621135055
Serbia SW2,381621135056
Serbia SW2,381621135057
Serbia SW2,381621135058
Serbia SW2,381621135059
Serbia SW2,381621135060
Serbia SW2,381621135061
Serbia SW2,381621135062
Serbia SW2,381621135063
Serbia SW2,381621135064
Serbia SW2,381621135065
Serbia SW2,381621135066
Serbia SW2,381621135067
Serbia SW2,381621135068
Serbia SW2,381621135069
Serbia SW2,381621135070
Serbia SW2,381621135071
Serbia SW2,381621135072
Serbia SW2,381621135073
Serbia SW2,381621135074
Serbia SW2,381621135075
Serbia SW2,381621135076
Serbia SW2,381621135077
Serbia SW2,381621135078
Serbia SW2,381621135079
Serbia SW2,381621135080
Serbia SW2,381621135081
Serbia SW2,381621135082
Serbia SW2,381621135083
Serbia SW2,381621135084
Serbia SW2,381621135085
Serbia SW2,381621135086
Serbia SW2,381621135087
Serbia SW2,381621135088
Serbia SW2,381621135089
Serbia SW2,381621135090
Serbia SW2,381621135091
Serbia SW2,381621135092
Serbia SW2,381621135093
Serbia SW2,381621135094
Serbia SW2,381621135095
Serbia SW2,381621135096
Serbia SW2,381621135097
Serbia SW2,381621135098
Serbia SW2,381621135099
Serbia SW3,381666626000
Serbia SW3,381666626001
Serbia SW3,381666626002
Serbia SW3,381666626003
Serbia SW3,381666626004
Serbia SW3,381666626005
Serbia SW3,381666626006
Serbia SW3,381666626007
Serbia SW3,381666626008
Serbia SW3,381666626009
Serbia SW3,381666626010
Serbia SW3,381666626011
Serbia SW3,381666626012
Serbia SW3,381666626013
Serbia SW3,381666626014
Serbia SW3,381666626015
Serbia SW3,381666626016
Serbia SW3,381666626017
Serbia SW3,381666626018
Serbia SW3,381666626019
Serbia SW3,381666626020
Serbia SW3,381666626021
Serbia SW3,381666626022
Serbia SW3,381666626023
Serbia SW3,381666626024
Serbia SW3,381666626025
Serbia SW3,381666626026
Serbia SW3,381666626027
Serbia SW3,381666626028
Serbia SW3,381666626029
Serbia SW3,381666626030
Serbia SW3,381666626031
Serbia SW3,381666626032
Serbia SW3,381666626033
Serbia SW3,381666626034
Serbia SW3,381666626035
Serbia SW3,381666626036
Serbia SW3,381666626037
Serbia SW3,381666626038
Serbia SW3,381666626039
Serbia SW3,381666626040
Serbia SW3,381666626041
Serbia SW3,381666626042
Serbia SW3,381666626043
Serbia SW3,381666626044
Serbia SW3,381666626045
Serbia SW3,381666626046
Serbia SW3,381666626047
Serbia SW3,381666626048
Serbia SW3,381666626049
Serbia SW3,381666626050
Serbia SW3,381666626051
Serbia SW3,381666626052
Serbia SW3,381666626053
Serbia SW3,381666626054
Serbia SW3,381666626055
Serbia SW3,381666626056
Serbia SW3,381666626057
Serbia SW3,381666626058
Serbia SW3,381666626059
Serbia SW3,381666626060
Serbia SW3,381666626061
Serbia SW3,381666626062
Serbia SW3,381666626063
Serbia SW3,381666626064
Serbia SW3,381666626065
Serbia SW3,381666626066
Serbia SW3,381666626067
Serbia SW3,381666626068
Serbia SW3,381666626069
Serbia SW3,381666626070
Serbia SW3,381666626071
Serbia SW3,381666626072
Serbia SW3,381666626073
Serbia SW3,381666626074
Serbia SW3,381666626075
Serbia SW3,381666626076
Serbia SW3,381666626077
Serbia SW3,381666626078
Serbia SW3,381666626079
Serbia SW3,381666626080
Serbia SW3,381666626081
Serbia SW3,381666626082
Serbia SW3,381666626083
Serbia SW3,381666626084
Serbia SW3,381666626085
Serbia SW3,381666626086
Serbia SW3,381666626087
Serbia SW3,381666626088
Serbia SW3,381666626089
Serbia SW3,381666626090
Serbia SW3,381666626091
Serbia SW3,381666626092
Serbia SW3,381666626093
Serbia SW3,381666626094
Serbia SW3,381666626095
Serbia SW3,381666626096
Serbia SW3,381666626097
Serbia SW3,381666626098
Serbia SW3,381666626099
