37390511400, , , 
37390511401, , , 
37390511402, , , 
37390511403, , , 
37390511404, , , 
37390511405,,,
37390511406,,,
37390511407,,,
37390511408,,,
37390511409,,,
37390511410,,,
37390511411,,,
37390511412,,,
37390511413,,,
37390511414,,,
37390511415,,,
37390511416,,,
37390511417,,,
37390511418,,,
37390511419,,,
37390511420,,,
37390511421,,,
37390511422,,,
37390511423,,,
37390511424,,,
37390511425,,,
37390511426,,,
37390511427,,,
37390511428,,,
37390511429,,,
37390511430,,,
37390511431,,,
37390511432,,,
37390511433,,,
37390511434,,,
37390511435,,,
37390511436,,,
37390511437,,,
37390511438,,,
37390511439,,,
37390511440,,,
37390511441,,,
37390511442,,,
37390511443,,,
37390511444,,,
37390511445,,,
37390511446,,,
37390511447,,,
37390511448,,,
37390511449,,,
37390511450,,,
37390511451,,,
37390511452,,,
37390511453,,,
37390511454,,,
37390511455,,,
37390511456,,,
37390511457,,,
37390511458,,,
37390511459,,,
37390511460,,,
37390511461,,,
37390511462,,,
37390511463,,,
37390511464,,,
37390511465,,,
37390511466,,,
37390511467,,,
37390511468,,,
37390511469,,,
37390511470,,,
37390511471,,,
37390511472,,,
37390511473,,,
37390511474,,,
37390511475,,,
37390511476,,,
37390511477,,,
37390511478,,,
37390511479,,,
37390511480,,,
37390511481,,,
37390511482,,,
37390511483,,,
37390511484,,,
37390511485,,,
37390511486,,,
37390511487,,,
37390511488,,,
37390511489,,,
37390511490,,,
37390511491,,,
37390511492,,,
37390511493,,,
37390511494,,,
37390511495,,,
37390511496,,,
37390511497,,,
37390511498,,,
37390511499,,,
